{
  "shape": [
    2,
    1792,
    64,
    64
  ],
  "min": -5.275398254394531,
  "max": 5.351889610290527,
  "mean": 0.027558395639061928,
  "std": 0.8743054866790771,
  "channel_breakdown": {
    "s3": [
      2,
      256,
      64,
      64
    ],
    "s4": [
      2,
      512,
      64,
      64
    ],
    "s5": [
      2,
      1024,
      64,
      64
    ]
  }
}