{
  "s3": {
    "shape": [
      2,
      64,
      64,
      256
    ],
    "min": -2.4574198722839355,
    "max": 2.3607380390167236,
    "mean": -0.00872640311717987,
    "std": 0.4816403090953827
  },
  "s4": {
    "shape": [
      2,
      32,
      32,
      512
    ],
    "min": -5.785578727722168,
    "max": 5.82269811630249,
    "mean": 0.025880882516503334,
    "std": 1.2327563762664795
  },
  "s5": {
    "shape": [
      2,
      16,
      16,
      1024
    ],
    "min": -5.813313007354736,
    "max": 5.5492143630981445,
    "mean": 0.03735829144716263,
    "std": 1.2132128477096558
  }
}