Epoch,Train Loss,Val Loss,Train MAE,Val MAE,Best
1,6.833637612218352e-06,6.9737890794926665e-06,85.74055812371236,63.79481650807809,Yes
2,6.490830765427924e-06,6.973779100089843e-06,80.24036370460112,63.796108236209044,No
3,8.056445437442852e-06,6.973778811404231e-06,82.80258902502568,63.79622252028244,No
4,7.75158733836691e-06,6.973778890036338e-06,82.90204284685692,63.796239114289705,No
5,6.3752479003238386e-06,6.9737788842024e-06,82.04831555971978,63.7962571284263,No
1,0.00043906793982598084,7.0409881052459135e-06,838.1939504497785,63.670066409311254,Yes
