Epoch,Train Loss,Val Loss,Train MAE,Val MAE,Best
1,200.22604370117188,50.26829528808594,27.49262046813965,12.044322967529297,Yes
